Workbook

Sheet ticket
A1: ticket_id | B1: created_at | C1: closed_at | D1: outlet_id | E1: cms_id | F1: created_date | G1: closed_date | H1: created_hour | I1: closed_hour | J1: same_day | K1: same_hour
A2: tic-001 | B2: 2021-08-27 06:42:00 | C2: 2021-08-28 21:53:00 | D2: outlet_D | E2: cms-001 | F2: =INT(B2) | G2: =INT(C2) | H2: =HOUR(B2) | I2: =HOUR(C2) | J2: =IF(AND(NOT(ISBLANK(C2)), INT(B2)=INT(C2)), 1, 0) | K2: =IF(AND(NOT(ISBLANK(C2)), INT(B2)=INT(C2), HOUR(B2)=HOUR(C2)), 1, 0)
A3: tic-002 | B3: 2021-08-02 06:21:00 | C3: 2021-08-02 14:41:00 | D3: outlet_C | E3: cms-002 | F3: =INT(B3) | G3: =INT(C3) | H3: =HOUR(B3) | I3: =HOUR(C3) | J3: =IF(AND(NOT(ISBLANK(C3)), INT(B3)=INT(C3)), 1, 0) | K3: =IF(AND(NOT(ISBLANK(C3)), INT(B3)=INT(C3), HOUR(B3)=HOUR(C3)), 1, 0)
A4: tic-003 | B4: 2021-08-13 01:06:00 | C4: 2021-08-15 05:51:00 | D4: outlet_D | E4: cms-003 | F4: =INT(B4) | G4: =INT(C4) | H4: =HOUR(B4) | I4: =HOUR(C4) | J4: =IF(AND(NOT(ISBLANK(C4)), INT(B4)=INT(C4)), 1, 0) | K4: =IF(AND(NOT(ISBLANK(C4)), INT(B4)=INT(C4), HOUR(B4)=HOUR(C4)), 1, 0)
A5: tic-004 | B5: 2021-08-26 01:52:00 | C5: 2021-08-26 10:30:00 | D5: outlet_D | E5: cms-004 | F5: =INT(B5) | G5: =INT(C5) | H5: =HOUR(B5) | I5: =HOUR(C5) | J5: =IF(AND(NOT(ISBLANK(C5)), INT(B5)=INT(C5)), 1, 0) | K5: =IF(AND(NOT(ISBLANK(C5)), INT(B5)=INT(C5), HOUR(B5)=HOUR(C5)), 1, 0)
A6: tic-005 | B6: 2021-08-19 01:39:00 | C6: 2021-08-21 08:44:00 | D6: outlet_B | E6: cms-005 | F6: =INT(B6) | G6: =INT(C6) | H6: =HOUR(B6) | I6: =HOUR(C6) | J6: =IF(AND(NOT(ISBLANK(C6)), INT(B6)=INT(C6)), 1, 0) | K6: =IF(AND(NOT(ISBLANK(C6)), INT(B6)=INT(C6), HOUR(B6)=HOUR(C6)), 1, 0)
A7: tic-006 | B7: 2021-08-02 14:58:00 | C7: 2021-08-05 15:16:00 | D7: outlet_B | E7: cms-006 | F7: =INT(B7) | G7: =INT(C7) | H7: =HOUR(B7) | I7: =HOUR(C7) | J7: =IF(AND(NOT(ISBLANK(C7)), INT(B7)=INT(C7)), 1, 0) | K7: =IF(AND(NOT(ISBLANK(C7)), INT(B7)=INT(C7), HOUR(B7)=HOUR(C7)), 1, 0)
A8: tic-007 | B8: 2021-08-28 01:17:00 | C8: 2021-08-28 04:17:00 | D8: outlet_D | E8: cms-007 | F8: =INT(B8) | G8: =INT(C8) | H8: =HOUR(B8) | I8: =HOUR(C8) | J8: =IF(AND(NOT(ISBLANK(C8)), INT(B8)=INT(C8)), 1, 0) | K8: =IF(AND(NOT(ISBLANK(C8)), INT(B8)=INT(C8), HOUR(B8)=HOUR(C8)), 1, 0)
A9: tic-008 | B9: 2021-08-15 12:37:00 | C9: 2021-08-18 11:06:00 | D9: outlet_B | E9: cms-008 | F9: =INT(B9) | G9: =INT(C9) | H9: =HOUR(B9) | I9: =HOUR(C9) | J9: =IF(AND(NOT(ISBLANK(C9)), INT(B9)=INT(C9)), 1, 0) | K9: =IF(AND(NOT(ISBLANK(C9)), INT(B9)=INT(C9), HOUR(B9)=HOUR(C9)), 1, 0)
A10: tic-009 | B10: 2021-08-15 09:11:00 | C10: 2021-08-16 04:56:00 | D10: outlet_B | E10: cms-009 | F10: =INT(B10) | G10: =INT(C10) | H10: =HOUR(B10) | I10: =HOUR(C10) | J10: =IF(AND(NOT(ISBLANK(C10)), INT(B10)=INT(C10)), 1, 0) | K10: =IF(AND(NOT(ISBLANK(C10)), INT(B10)=INT(C10), HOUR(B10)=HOUR(C10)), 1, 0)
A11: tic-010 | B11: 2021-08-18 00:51:00 | C11: 2021-08-18 20:16:00 | D11: outlet_C | E11: cms-010 | F11: =INT(B11) | G11: =INT(C11) | H11: =HOUR(B11) | I11: =HOUR(C11) | J11: =IF(AND(NOT(ISBLANK(C11)), INT(B11)=INT(C11)), 1, 0) | K11: =IF(AND(NOT(ISBLANK(C11)), INT(B11)=INT(C11), HOUR(B11)=HOUR(C11)), 1, 0)
A12: tic-011 | B12: 2021-08-30 23:54:00 | C12: 2021-09-02 08:23:00 | D12: outlet_D | E12: cms-011 | F12: =INT(B12) | G12: =INT(C12) | H12: =HOUR(B12) | I12: =HOUR(C12) | J12: =IF(AND(NOT(ISBLANK(C12)), INT(B12)=INT(C12)), 1, 0) | K12: =IF(AND(NOT(ISBLANK(C12)), INT(B12)=INT(C12), HOUR(B12)=HOUR(C12)), 1, 0)
A13: tic-012 | B13: 2021-08-17 01:13:00 | C13: 2021-08-18 17:47:00 | D13: outlet_B | E13: cms-012 | F13: =INT(B13) | G13: =INT(C13) | H13: =HOUR(B13) | I13: =HOUR(C13) | J13: =IF(AND(NOT(ISBLANK(C13)), INT(B13)=INT(C13)), 1, 0) | K13: =IF(AND(NOT(ISBLANK(C13)), INT(B13)=INT(C13), HOUR(B13)=HOUR(C13)), 1, 0)
... A101: tic-100 | B101: 2021-08-29 14:05:00 | C101: 2021-08-29 17:01:00 | D101: outlet_C | E101: cms-100 | F101: =INT(B101) | G101: =INT(C101) | H101: =HOUR(B101) | I101: =HOUR(C101) | J101: =IF(AND(NOT(ISBLANK(C101)), INT(B101)=INT(C101)), 1, 0) | K101: =IF(AND(NOT(ISBLANK(C101)), INT(B101)=INT(C101), HOUR(B101)=HOUR(C101)), 1, 0)

Sheet feedbacks
A1: cms_id | B1: feedback_at | C1: feedback_rating | D1: ticket_created_at
A2: cms-001 | B2: 2021-08-27 08:42:00 | C2: 4 | D2: =IFERROR(INDEX(ticket!$B:$B, MATCH($A2, ticket!$E:$E, 0)), "")
A3: cms-002 | B3: 2021-08-02 08:21:00 | C3: 5 | D3: =IFERROR(INDEX(ticket!$B:$B, MATCH($A3, ticket!$E:$E, 0)), "")
A4: cms-003 | B4: 2021-08-13 03:06:00 | C4: 1 | D4: =IFERROR(INDEX(ticket!$B:$B, MATCH($A4, ticket!$E:$E, 0)), "")
A5: cms-004 | B5: 2021-08-26 03:52:00 | C5: 1 | D5: =IFERROR(INDEX(ticket!$B:$B, MATCH($A5, ticket!$E:$E, 0)), "")
A6: cms-005 | B6: 2021-08-19 03:39:00 | C6: 2 | D6: =IFERROR(INDEX(ticket!$B:$B, MATCH($A6, ticket!$E:$E, 0)), "")
A7: cms-006 | B7: 2021-08-02 16:58:00 | C7: 5 | D7: =IFERROR(INDEX(ticket!$B:$B, MATCH($A7, ticket!$E:$E, 0)), "")
A8: cms-007 | B8: 2021-08-28 03:17:00 | C8: 5 | D8: =IFERROR(INDEX(ticket!$B:$B, MATCH($A8, ticket!$E:$E, 0)), "")
A9: cms-008 | B9: 2021-08-15 14:37:00 | C9: 5 | D9: =IFERROR(INDEX(ticket!$B:$B, MATCH($A9, ticket!$E:$E, 0)), "")
A10: cms-009 | B10: 2021-08-15 11:11:00 | C10: 1 | D10: =IFERROR(INDEX(ticket!$B:$B, MATCH($A10, ticket!$E:$E, 0)), "")
A11: cms-010 | B11: 2021-08-18 02:51:00 | C11: 2 | D11: =IFERROR(INDEX(ticket!$B:$B, MATCH($A11, ticket!$E:$E, 0)), "")
A12: cms-011 | B12: 2021-08-31 01:54:00 | C12: 4 | D12: =IFERROR(INDEX(ticket!$B:$B, MATCH($A12, ticket!$E:$E, 0)), "")
A13: cms-012 | B13: 2021-08-17 03:13:00 | C13: 4 | D13: =IFERROR(INDEX(ticket!$B:$B, MATCH($A13, ticket!$E:$E, 0)), "")
... A101: cms-100 | B101: 2021-08-29 16:05:00 | C101: 3 | D101: =IFERROR(INDEX(ticket!$B:$B, MATCH($A101, ticket!$E:$E, 0)), "")

Sheet summary
A1: outlet_id | B1: total_tickets | C1: same_day_count | D1: same_hour_count
A2: outlet_D | B2: =COUNTIFS(ticket!$D:$D, $A2, ticket!$C:$C, "<>") | C2: =SUMIFS(ticket!$J:$J, ticket!$D:$D, $A2) | D2: =SUMIFS(ticket!$K:$K, ticket!$D:$D, $A2)
A3: outlet_C | B3: =COUNTIFS(ticket!$D:$D, $A3, ticket!$C:$C, "<>") | C3: =SUMIFS(ticket!$J:$J, ticket!$D:$D, $A3) | D3: =SUMIFS(ticket!$K:$K, ticket!$D:$D, $A3)
A4: outlet_B | B4: =COUNTIFS(ticket!$D:$D, $A4, ticket!$C:$C, "<>") | C4: =SUMIFS(ticket!$J:$J, ticket!$D:$D, $A4) | D4: =SUMIFS(ticket!$K:$K, ticket!$D:$D, $A4)
A5: outlet_A | B5: =COUNTIFS(ticket!$D:$D, $A5, ticket!$C:$C, "<>") | C5: =SUMIFS(ticket!$J:$J, ticket!$D:$D, $A5) | D5: =SUMIFS(ticket!$K:$K, ticket!$D:$D, $A5)
